n,titulo,categorias_slugs,categorias_nomes,libras,link_curso,link_thumb,tags
1,"Como criar um MOOC","educacao-a-distancia","Educação a Distância",sim,"https://mooc.cefor.ifes.edu.br/moodle/course/view.php?como-criar-mooc","https://mooc.cefor.ifes.edu.br/v/wp-content/uploads/2022/07/vitrine_ComoCriarMOOC.jpg","addiem;analise;avaliacao;construcao-de-cursos;desenho-didatico;desenvolvimento;design;design-educacional;implementacao;modelo;mooc;processo;producao-de-cursos"
2,"Moodle 4 para Educadores","educacao-a-distancia","Educação a Distância",nao,"https://mooc.cefor.ifes.edu.br/moodle/course/view.php?moodle-4-para-educadores","https://mooc.cefor.ifes.edu.br/v/wp-content/uploads/2025/08/vitrine_Moodle4_Educadores.png","formacao-de-professores;mediacao;moodle;professor-mediador"
3,"Moodle 4 para Estudantes","educacao-a-distancia;tecnologias-educacionais","Educação a Distância;Tecnologias Educacionais",nao,"https://mooc.cefor.ifes.edu.br/moodle/course/view.php?moodle-4-para-estudantes","https://mooc.cefor.ifes.edu.br/v/wp-content/uploads/2025/08/unac-moodle4-estudantes-vitrine.png","aprendizagem;atividades;ava;avea;conteudos;ead;estudantes;moodle;recursos"
4,"Mediação pedagógica no Moodle","educacao-a-distancia","Educação a Distância",nao,"https://mooc.cefor.ifes.edu.br/moodle/course/view.php?mediacao-pedagogica-no-moodle","https://mooc.cefor.ifes.edu.br/v/wp-content/uploads/2022/07/vitrine_mediacao_pedagogica.png","ava;avaliacao;ead;feedback;mediacao-pedagogica;mediadores;moodle;professor-mediador;tutores"
5,"Caminhos da Educação Crítica: Integração entre Pedagogia e Educação Ambiental","ambiente-e-saude","Ambiente e Saúde",nao,"https://mooc.cefor.ifes.edu.br/moodle/course/view.php?caminhos-educacao-critica-integracao-pedagogia-educacao-ambiental","https://mooc.cefor.ifes.edu.br/v/wp-content/uploads/2026/06/vitrine_CaminhosEudcaco.png","caminhos;educacao-ambiental;educacao-critica;pedagogia"
6,"A Química dos produtos de limpeza","ambiente-e-saude","Ambiente e Saúde",nao,"https://mooc.cefor.ifes.edu.br/moodle/course/view.php?quimica-produtos-limpeza","https://mooc.cefor.ifes.edu.br/v/wp-content/uploads/2026/06/vitrine_A-Quimica-dos-produtos-de-limpeza.png","limpeza;produtos-de-limpeza;quimica"
7,"Desafios e Caminhos da Avaliação Matemática Inclusiva","matematica","Matemática",nao,"https://mooc.cefor.ifes.edu.br/moodle/course/view.php?desafios-caminhos-avaliacao-matematica-inclusiva","https://mooc.cefor.ifes.edu.br/v/wp-content/uploads/2026/06/vitrine_Desafios-e-Caminhos-da-Avaliacao-Matematica-Critica.png","avaliacao;caminhos;desafios;matematica;processo-avaliativo"
8,"Uso de Realidade Aumentada no Ensino de Ciências","tecnologias-e-informatica","Tecnologias e Informática",nao,"https://mooc.cefor.ifes.edu.br/moodle/course/view.php?realidade-aumentada-ciencias","https://mooc.cefor.ifes.edu.br/v/wp-content/uploads/2026/05/unac_uso-de-realidade-aumentada-1.png","ensino-de-ciencias;realidade-aumentada;realidade-virtual;unac"
9,"Fundamentos da Eficiência Energética","engenharia","Engenharia",nao,"https://mooc.cefor.ifes.edu.br/moodle/course/view.php?fundamentos-eficiencia-energetica","https://mooc.cefor.ifes.edu.br/v/wp-content/uploads/2026/05/unac_fundamentos-da-eficiencia-energetica-1.png","eficiencia;eficiencia-energetica;energia;fundamentos;unac"
10,"Espanhol Comunicativo para Brasileiros","desenvolvimento-educacional-e-social;linguas","Desenvolvimento Educacional e Social;Línguas",nao,"https://mooc.cefor.ifes.edu.br/moodle/course/view.php?espanhol-comunicativo","https://mooc.cefor.ifes.edu.br/v/wp-content/uploads/2026/05/unac_espanhol-comunicativo-1.png","aprendizagem;comunicacao;conversacao;espanhol;idioma;ingles;lingua-inglesa;unac;vocabulario"
11,"PHP Essencial: Primeiros Passos na Programação Web","tecnologias-e-informatica","Tecnologias e Informática",nao,"https://mooc.cefor.ifes.edu.br/moodle/course/view.php?php-essencial","https://mooc.cefor.ifes.edu.br/v/wp-content/uploads/2026/05/unac_php-essencial-1.png","php;programacao;programacao-web;unac"
12,"Serviços terceirizados no setor público: penalidades e sanções","ciencias-sociais-aplicadas","Ciências Sociais Aplicadas",nao,"https://mooc.cefor.ifes.edu.br/moodle/course/view.php?servico-terceirizado-setor-publico","https://mooc.cefor.ifes.edu.br/v/wp-content/uploads/2026/05/unac_servicos-tercerizados-no-setor-publico-1.png","contratos;infracoes-contratuais;servicos-tercerizados;setor-publico;tercerizacao;unac"
13,"Modelagem e Análise de Dados: regressão logística com aplicação de R","tecnologias-e-informatica","Tecnologias e Informática",nao,"https://mooc.cefor.ifes.edu.br/moodle/course/view.php?modelagem-analise-dados-com-r","https://mooc.cefor.ifes.edu.br/v/wp-content/uploads/2026/05/unac_modelagem-e-analise-de-dados-1.png","analise-de-dados;estatistica-com-o-r;graficos-estatisticos;informatica;modelagem-de-dados;software;unac"
14,"Saúde e Segurança do Trabalho na Indústria de Rochas Ornamentais","ciencias-exatas-e-da-terra","Ciências Exatas e da Terra",nao,"https://mooc.cefor.ifes.edu.br/moodle/course/view.php?saude-seguranca-trabalho-rochas-ornamentais","https://mooc.cefor.ifes.edu.br/v/wp-content/uploads/2026/05/unac_saude-e-segurancao-do-trabalho-1.png","beneficiamento;gerenciamento-de-riscos;lavra;rochas-ornamentais;saude-no-trabalho;seguranca-no-trabalho;unac"
15,"Intercâmbio Virtual como estratégia de Internacionalização em Casa","desenvolvimento-educacional-e-social","Desenvolvimento Educacional e Social",nao,"https://mooc.cefor.ifes.edu.br/moodle/course/view.php?intercambio-virtual-estrategia-internacionalizacao-casa","https://mooc.cefor.ifes.edu.br/v/wp-content/uploads/2026/05/unac_intercambio-virtual-1.png","competencias-interculturais;iah;idc;intercambio-virtual;internacionalizacao-do-curriculo;internacionalizacao-em-casa"
16,"Superdotação na Escola: identificando indícios em adolescentes e adultos","desenvolvimento-educacional-e-social","Desenvolvimento Educacional e Social",nao,"https://mooc.cefor.ifes.edu.br/moodle/course/view.php?superdotacao-escola-identificando-indicios","https://mooc.cefor.ifes.edu.br/v/wp-content/uploads/2026/05/unac_superdotacao-na-escola-1.png","acessibilidade;educacao-especial;escolar;inclusao;superdotacao;unac"
17,"Educação como Direito e os fundamentos para a gestão e garantia do acesso","educacao","Educação",nao,"https://mooc.cefor.ifes.edu.br/moodle/course/view.php?educacao-direito-fundamentos-garantia-acesso","https://mooc.cefor.ifes.edu.br/v/wp-content/uploads/2026/05/unac_educacao-como-direito-1.png","educacao;gestao;unac"
18,"Educação Ambiental de Base Comunitária","ciencias-humanas","Ciências Humanas",nao,"https://mooc.cefor.ifes.edu.br/moodle/course/view.php?educacao-ambiental-base-comunitaria","https://mooc.cefor.ifes.edu.br/v/wp-content/uploads/2026/03/XXX-vitrine_Educacao-Ambiental-de-Base-Comunitaria.png","base-comunitaria;educacao-ambiental;mudancas-climaticas;recursos-hidricos"
19,"Saberes para o professor do Século XXI","desenvolvimento-educacional-e-social","Desenvolvimento Educacional e Social",nao,"https://mooc.cefor.ifes.edu.br/moodle/course/view.php?saberes-professor-seculo-xxi","https://mooc.cefor.ifes.edu.br/v/wp-content/uploads/2026/03/XXX-vitrine_Saberes-para-o-Professor-do-Seculo-XXI.png","educacao-integral;educacao-no-seculo-xxi;pilares-da-educacao"
20,"Operador de Computador","tecnologias-e-informatica","Tecnologias e Informática",nao,"https://mooc.cefor.ifes.edu.br/moodle/course/view.php?operador-de-computador","https://mooc.cefor.ifes.edu.br/v/wp-content/uploads/2026/03/XXX-vitrine_Operador-de-Computador.png","capacitacao;inclusao-digital;informatica;operador-de-computador"
21,"Gestão Escolar e Educação Ambiental: conexões Interdisciplinares","ambiente-e-saude","Ambiente e Saúde",nao,"https://mooc.cefor.ifes.edu.br/moodle/course/view.php?gestao-escolar-e-educacao-ambiental","https://mooc.cefor.ifes.edu.br/v/wp-content/uploads/2026/03/vitrine_Gestao-Escolar-e-Educacao-Ambiental_-conexoes-Interdisciplinares-1.png","educacao-ambiental;gestao;interdisciplinar;rio-doce-escolar"
22,"Segurança hídrica do Rio Doce pela Perspectiva CTSA","ambiente-e-saude","Ambiente e Saúde",nao,"https://mooc.cefor.ifes.edu.br/moodle/course/view.php?seguranca-hidrica-rio-doce-ctsa","https://mooc.cefor.ifes.edu.br/v/wp-content/uploads/2026/03/vitrine_Seguranca-hidrica-do-Rio-Doce-pela-Perspectiva-CTSA-1.png","ctsa;rio-doce-escolar;seguranca;seguranca-hidrica"
23,"Produção de vídeos em ambientes naturais utilizando smartphone","ambiente-e-saude","Ambiente e Saúde",nao,"https://mooc.cefor.ifes.edu.br/moodle/course/view.php?producao-videos-ambientes-naturais-smartphone","https://mooc.cefor.ifes.edu.br/v/wp-content/uploads/2026/03/vitrine_Producao-de-videos-em-ambientes-naturais-utilizando-smartphone-1.png","ambientes-naturais;producao-de-videos;rio-doce-escolar;tecnicas-de-gravacao"
24,"Geomorfologia do Rio Piraquê-açu – Da Nascente ao Manguezal","ambiente-e-saude","Ambiente e Saúde",nao,"https://mooc.cefor.ifes.edu.br/moodle/course/view.php?geomorfologia-piraqueacu-nascente-maguezal","https://mooc.cefor.ifes.edu.br/v/wp-content/uploads/2026/03/vitrine_Geomorfologia-do-Rio-Piraque-acu-Da-Nascente-ao-Manguezal-1.png","educacao-ambiental;geomorfologia-dos-ambientes-fluviais;manguezal;rio-doce-escolar;rio-piraque-acu"
25,"Guardiões da natureza: Educação Ambiental em espaços educativos não formais na primeira infância","ambiente-e-saude","Ambiente e Saúde",nao,"https://mooc.cefor.ifes.edu.br/moodle/course/view.php?guardioes-natureza-educacao-ambiental","https://mooc.cefor.ifes.edu.br/v/wp-content/uploads/2026/03/vitrine_Guardioes-da-natureza_-Educacao-Ambiental-em-espacos-educativos-nao-formais-na-primeira-infancia-1.png","educacao-ambiental;educacao-infantil;espacos-nao-formais;formacao-de-educadores;formacao-de-educadores-ambientais;rio-doce-escolar"
26,"Educação em Saúde Ambiental","ambiente-e-saude","Ambiente e Saúde",nao,"https://mooc.cefor.ifes.edu.br/moodle/course/view.php?educacao-saude-ambiental","https://mooc.cefor.ifes.edu.br/v/wp-content/uploads/2026/03/vitrine_Educacao-em-Saude-Ambiental-1.png","desastres-naturais;educacao-em-saude-ambiental;rio-doce-escolar"
27,"Desvendando a tabela periódica do Rio Doce","ambiente-e-saude","Ambiente e Saúde",nao,"https://mooc.cefor.ifes.edu.br/moodle/course/view.php?desvendando-tabela-periodica-rio-doce","https://mooc.cefor.ifes.edu.br/v/wp-content/uploads/2026/03/vitrine_Desvendando-a-tabela-periodica-do-Rio-Doce-1.png","ctsa;educacao-ambiental;ensino-de-quimica;rio-doce-escolar;tabela-periodica"
28,"Árvores e Números: Uma abordagem Matemática para a Preservação Ambiental","ambiente-e-saude","Ambiente e Saúde",nao,"https://mooc.cefor.ifes.edu.br/moodle/course/view.php?arvore-numero-matematica-preservacao-ambiental","https://mooc.cefor.ifes.edu.br/v/wp-content/uploads/2026/03/vitrine_Arvores-e-Numeros_-Uma-abordagem-Matematica-para-a-Preservacao-Ambiental-1.png","educacao-ambiental;educacao-matematica;etica-profissional;formacao-de-educadores;rio-doce-escolar"
29,"Geofísica para o Ensino de Ciências","ambiente-e-saude","Ambiente e Saúde",nao,"https://mooc.cefor.ifes.edu.br/moodle/course/view.php?geofisica-ensino-ciencias","https://mooc.cefor.ifes.edu.br/v/wp-content/uploads/2026/03/vitrine_Geofisica-para-o-Ensino-de-Ciencias-1.png","ciencias-naturais;educacao;geociencias;geofisica;rio-doce-escolar"
30,"Biopirataria de Abelhas Nativas: Impactos Socioambientais e Econômicos","ambiente-e-saude","Ambiente e Saúde",nao,"https://mooc.cefor.ifes.edu.br/moodle/course/view.php?biopirataria-abelhas-nativas-impactos","https://mooc.cefor.ifes.edu.br/v/wp-content/uploads/2026/03/vitrine_Biopirataria-de-Abelhas-Nativas_-Impactos-Socioambientais-e-Economicos-1.png","biopirataria;ensino-de-ciencias;meliponicultura;rio-doce-escolar"
31,"Tecnologia Verde: Robótica Sustentável na Educação","ambiente-e-saude","Ambiente e Saúde",nao,"https://mooc.cefor.ifes.edu.br/moodle/course/view.php?tecnologia-verde-robotica-sustentavel-educacao","https://mooc.cefor.ifes.edu.br/v/wp-content/uploads/2026/03/vitrine_Tecnologia-Verde_-Robotica-Sustentavel-na-Educacao-1.png","educacao-ambiental;rio-doce-escolar;robotica-sustentavel;tecnologia-verde"
32,"Educação Ambiental em Três Momentos Pedagógicos","ambiente-e-saude","Ambiente e Saúde",nao,"https://mooc.cefor.ifes.edu.br/moodle/course/view.php?educacao-ambiental-tres-momentos-pedagogicos","https://mooc.cefor.ifes.edu.br/v/wp-content/uploads/2026/03/vitrine_Educacao-Ambiental-em-Tres-Momentos-Pedagogicos-1.png","educacao-ambiental;educadores;metodologia;rio-doce-escolar"
33,"Conservação e Restauração de Nascentes aplicada à Educação Ambiental","ambiente-e-saude","Ambiente e Saúde",nao,"https://mooc.cefor.ifes.edu.br/moodle/course/view.php?conservacao-restauracao-nascentes-educacao-ambiental","https://mooc.cefor.ifes.edu.br/v/wp-content/uploads/2026/03/vitrine_Conservacao-e-Restauracao-de-Nascentes-aplicada-a-Educacao-Ambiental-2.png","educadores-ambientais;praticas-ambientais;rio-doce-escolar;socioambiental"
34,"Literatura em ação com enfoque CTSA","ambiente-e-saude","Ambiente e Saúde",nao,"https://mooc.cefor.ifes.edu.br/moodle/course/view.php?literatura-acao-enfoque-ctsa","https://mooc.cefor.ifes.edu.br/v/wp-content/uploads/2026/03/vitrine_Literatura-em-acao-com-enfoque-CTSA.png","ctsa;formacao-de-professores;literaturalizacao;rio-doce-escolar"
35,"A Plastinação como Recurso Didático no Ensino de Ciências e Biologia","ambiente-e-saude;ciencias-da-natureza","Ambiente e Saúde;Ciências da Natureza",nao,"https://mooc.cefor.ifes.edu.br/moodle/course/view.php?plastinacao-recurso-didatico-ciencias-biologia","https://mooc.cefor.ifes.edu.br/v/wp-content/uploads/2025/12/194-vitrine_A-Plastinacao-como-Recurso-Didatico-no-Ensino-de-Ciencias-e-Biologia.png","biologia;ensino-de-ciencias;plastinacao;recurso-didatico"
36,"Atendente e Vendedor: Fundamentos do Atendimento e Vendas","desenvolvimento-educacional-e-social","Desenvolvimento Educacional e Social",nao,"https://mooc.cefor.ifes.edu.br/moodle/course/view.php?id=646","https://mooc.cefor.ifes.edu.br/v/wp-content/uploads/2025/12/180-vitrine_Atendente-e-Vendedor_-Fundamentos-do-Atendimento-e-Vendas.png","atendimento-ao-cliente;comunicacao-no-comercio;etica-profissional;relacionamento-com-o-cliente;tecnicas-de-vendas"
37,"Atendente e Vendedor: Nível Intermediário","desenvolvimento-educacional-e-social","Desenvolvimento Educacional e Social",nao,"https://mooc.cefor.ifes.edu.br/moodle/course/view.php?id=647","https://mooc.cefor.ifes.edu.br/v/wp-content/uploads/2025/12/181-vitrine_Atendente-e-Vendedor_-Nivel-Intermediario.png","atendimento-ao-cliente;comunicacao-no-comercio;etica-profissional;relacionamento-com-o-cliente;tecnicas-de-vendas"
38,"Atendente e Vendedor: Nível Avançado","desenvolvimento-educacional-e-social;desenvolvimento-pessoal","Desenvolvimento Educacional e Social;Desenvolvimento Pessoal",nao,"https://mooc.cefor.ifes.edu.br/moodle/course/view.php?atendente-vendedor-avancado","https://mooc.cefor.ifes.edu.br/v/wp-content/uploads/2025/12/204-vitrine_Atendente-e-Vendedor_-Nivel-Avancado.png","atendimento-ao-cliente;comunicacao-no-comercio;etica-profissional;relacionamento-com-o-cliente;tecnicas-de-vendas"
39,"Inglês para Turismo","linguas","Línguas",nao,"https://mooc.cefor.ifes.edu.br/moodle/course/view.php?ingles-para-turismo","https://mooc.cefor.ifes.edu.br/v/wp-content/uploads/2025/12/199-vitrine_Ingles-para-Turismo.png","ingles;lingua-inglesa;linguagem;turismo"
40,"Alfabetização Científica na Prática Pedagógica","ciencias-humanas;educacao","Ciências Humanas;Educação",nao,"https://mooc.cefor.ifes.edu.br/moodle/course/view.php?alfabetizacao-cientifica-pratica-pedagogica","https://mooc.cefor.ifes.edu.br/v/wp-content/uploads/2025/12/121-vitrine_Alfabetizacao-Cientifica-na-Pratica-Pedagogica.png","alfabetizacao-cientifica;formacao-de-professores;praticas-educativas;praticas-pedagogicas"
41,"Pensamento Computacional com Alfabetização Científica para Comunidade Surda","educacao;educacao-a-distancia;inclusao-e-acessibilidade;linguas;tecnologias-e-informatica","Educação;Educação a Distância;Inclusão e Acessibilidade;Línguas;Tecnologias e Informática",sim,"https://mooc.cefor.ifes.edu.br/moodle/course/view.php?pensamento-computacional-alfabetizacao-comunidade-surda","https://mooc.cefor.ifes.edu.br/v/wp-content/uploads/2025/09/pens-comp-com-surda-vitrine.png","alfabetizacao;alfabetizacao-cientifica;inclusao;libras;pensamento-computacional"
42,"Digipeda – Competências Digitais e Pedagógicas","educacao","Educação",nao,"https://mooc.cefor.ifes.edu.br/moodle/course/view.php?digipeda-competencias-digitais-pedagogicas","https://mooc.cefor.ifes.edu.br/v/wp-content/uploads/2025/05/vitrine_MOOC1_embrace_pt.png","competencias;embrace;pedagogia"
43,"Pedagogias ativas com uso de ferramentas digitais","educacao","Educação",nao,"https://mooc.cefor.ifes.edu.br/moodle/course/view.php?pedagogias-ativas-ferramentas-digitais","https://mooc.cefor.ifes.edu.br/v/wp-content/uploads/2025/05/vitrine_MOOC2_embrace_pt.png","digital;embrace;ferramentas;metodologias-ativas;pedagogia"
44,"Competências digitais para o desenvolvimento profissional","educacao","Educação",nao,"https://mooc.cefor.ifes.edu.br/moodle/course/view.php?competencias-digitais-desenvolvimento-profissional","https://mooc.cefor.ifes.edu.br/v/wp-content/uploads/2025/05/vitrine_MOOC3_embrace_pt.png","competencias;digital;embrace;profissional"
45,"Gestão de Cursos EaD","educacao-a-distancia","Educação a Distância",nao,"https://mooc.cefor.ifes.edu.br/moodle/course/view.php?gestao-cursos-ead","https://mooc.cefor.ifes.edu.br/v/wp-content/uploads/2025/05/vitrine-gestao-ead.jpg","ead;gestao"
46,"Gestão de Finanças Pessoais","gestao","Gestão",nao,"https://mooc.cefor.ifes.edu.br/moodle/course/view.php?gestao-financas-pessoais","https://mooc.cefor.ifes.edu.br/v/wp-content/uploads/2025/05/vitrine-gestao-de-financas.jpg","contabilidade;dinheiro;financas;gestao"
47,"Explorando Estilos de Aprendizagem","educacao","Educação",nao,"https://mooc.cefor.ifes.edu.br/moodle/course/view.php?explorando-estilos-aprendizagem","https://mooc.cefor.ifes.edu.br/v/wp-content/uploads/2025/05/vitrine-explorand-estilos-de-aprendizagem.jpg","aprendizagem;estrategias-de-aprendizagem;professor"
48,"Introdução a Educação Comparada e Internacional","educacao","Educação",nao,"https://mooc.cefor.ifes.edu.br/moodle/course/view.php?introducao-educacao-comparada-internacional","https://mooc.cefor.ifes.edu.br/v/wp-content/uploads/2025/05/vitrine-introducao-educacao-comparada.jpg","comparada;educacao;internacional;introducao"
49,"Node.js para iniciantes","tecnologias-e-informatica","Tecnologias e Informática",nao,"https://mooc.cefor.ifes.edu.br/moodle/course/view.php?node-js-iniciantes","https://mooc.cefor.ifes.edu.br/v/wp-content/uploads/2025/05/vitrine-nodejs-para-iniciantes.jpg","codigo-2;javascript;node;nodejs;programacao;servidor"
50,"Trilhas Científicas: Produtos Educacionais na Educação Ambiental","ambiente-e-saude;desenvolvimento-educacional-e-social","Ambiente e Saúde;Desenvolvimento Educacional e Social",nao,"https://mooc.cefor.ifes.edu.br/moodle/course/view.php?trilhas-cientificas-produtos-educacao-ambiental","https://mooc.cefor.ifes.edu.br/v/wp-content/uploads/2024/12/163-vitrine_Trilhas-Pedagogicas-Produtos-Educacionais-na-Educacao-Ambiental.png","educacao-ambiental;ensino-de-ciencias;produtos-educacionais;recursos-didaticos"
51,"Planejamento e Produção de Eventos Escolares, Culturais e Acadêmicos","producao-cultural-e-design","Produção Cultural e Design",nao,"https://mooc.cefor.ifes.edu.br/moodle/course/view.php?planejamento-producao-eventos-escolares","https://mooc.cefor.ifes.edu.br/v/wp-content/uploads/2024/12/187-vitrine_Planejamento-e-Producao-de-Eventos-Escolares-Culturais-e-Academicos.png","eventos-academicos;eventos-culturais;eventos-escolares;planejamento;producao;producao-de-eventos;unac"
52,"Matemática da Informática","desenvolvimento-educacional-e-social;educacao","Desenvolvimento Educacional e Social;Educação",nao,"https://mooc.cefor.ifes.edu.br/moodle/course/view.php?matematica-da-informatica","https://mooc.cefor.ifes.edu.br/v/wp-content/uploads/2024/12/190-vitrine_Matematica-da-Informatica.png","informatica;internet;logica;matematica;sistemas;tecnologia"
53,"Escola de Inovação: Robótica e Prototipagem para Professores","desenvolvimento-educacional-e-social","Desenvolvimento Educacional e Social",nao,"https://mooc.cefor.ifes.edu.br/moodle/course/view.php?escola-inovacao-robotica-prototipagem-professores","https://mooc.cefor.ifes.edu.br/v/wp-content/uploads/2024/10/177-vitrine_Escola-de-Inovacao_-Robotica-e-Prototipagem-para-Professores.png","arduino;esp32;formacao-de-professores;lego-spike-prime;microbit;prototipagem;robotica-educacional"
54,"Pomerisch Ekogame: Cultura Pomerana, ambiente e diversão","ambiente-e-saude","Ambiente e Saúde",nao,"https://mooc.cefor.ifes.edu.br/moodle/course/view.php?pomerisch-ekogame-cultura-pomerana","https://mooc.cefor.ifes.edu.br/v/wp-content/uploads/2024/10/176-vitrine_Pomerisch-Ekogame_-Cultura-Pomerana-ambiente-e-diversao.png","educacao-ambiental;gamificacao;lingua-pomerana"
55,"Introdução à Saúde, ao Meio Ambiente e à Segurança nas Escolas","ciencias-sociais-aplicadas","Ciências Sociais Aplicadas",nao,"https://mooc.cefor.ifes.edu.br/moodle/course/view.php?introducao-saude-ambiente-seguranca-escolar","https://mooc.cefor.ifes.edu.br/v/wp-content/uploads/2024/10/157-vitrine_Introducao-a-Saude-ao-Meio-Ambiente-e-a-Seguranca-nas-Escolas.png","ambiente;escolar;saude;seguranca"
56,"Pedagogia de Freinet em aula-passeio","ciencias-humanas","Ciências Humanas",nao,"https://mooc.cefor.ifes.edu.br/moodle/course/view.php?pedagogia-freinet-aula-passeio","https://mooc.cefor.ifes.edu.br/v/wp-content/uploads/2024/10/127-vitrine_Pedagogia-de-Freinet-em-aula-passeio-.png","aula-passeio;educacao-ambiental;pedagogia"
57,"Inteligência Artificial e Alfabetização Científica na abordagem CTSA","ciencias-humanas","Ciências Humanas",nao,"https://mooc.cefor.ifes.edu.br/moodle/course/view.php?alfabetizacao-cientifica-baseada-abordagem-ctsa","https://mooc.cefor.ifes.edu.br/v/wp-content/uploads/2024/10/118-vitrine_Inteligencia-Artificial-e-Alfabetizacao-Cientifica-na-Abordagem-CTSA.png","alfabetizacao-cientifica;ctsa;educacao-tecnologica;ia;inteligencia-artificial"
58,"Introdução à Educação Matemática Crítica","ciencias-exatas-e-da-terra","Ciências Exatas e da Terra",nao,"https://mooc.cefor.ifes.edu.br/moodle/course/view.php?introducao-educacao-matematica-critica","https://mooc.cefor.ifes.edu.br/v/wp-content/uploads/2024/10/83-vitrine_Introducao-a-Educacao-Matematica-Critica.png","educacao;educadores;matematica;unac"
59,"Direito da Tecnologia da Informação","ciencias-humanas","Ciências Humanas",nao,"https://mooc.cefor.ifes.edu.br/moodle/course/view.php?direito-tecnologia-informacao","https://mooc.cefor.ifes.edu.br/v/wp-content/uploads/2024/09/vitrine_direito-da-tecnologia-da-informacao.png","direito;tecnologia;unac"
60,"Introdução a NoSQL com MongoDB","tecnologias-e-informatica","Tecnologias e Informática",nao,"https://mooc.cefor.ifes.edu.br/moodle/course/view.php?introducao-nosql-mongodb","https://mooc.cefor.ifes.edu.br/v/wp-content/uploads/2024/08/vitrine_Introducao-a-NoSQL-com-MongoDB.png","banco-de-dados;programacao;unac"
61,"Neurodiversidade no autismo","educacao","Educação",nao,"https://mooc.cefor.ifes.edu.br/moodle/course/view.php?neurodiversidade-autismo","https://mooc.cefor.ifes.edu.br/v/wp-content/uploads/2024/08/vitrine_Neurodiversidade-no-Autismo.png","neurodiversidade;unac"
62,"Planejamento: como (se) preparar?","educacao","Educação",nao,"https://mooc.cefor.ifes.edu.br/moodle/course/view.php?planejamento-como-se-preparar","https://mooc.cefor.ifes.edu.br/v/wp-content/uploads/2024/08/vitrine_Planejamento_-como-se-preparar.png","planejamento;unac"
63,"Mapas Conceituais como instrumento auxiliar no processo de ensino-aprendizagem","educacao","Educação",nao,"https://mooc.cefor.ifes.edu.br/moodle/course/view.php?mapas-conceituais-processo-ensino-aprendizagem","https://mooc.cefor.ifes.edu.br/v/wp-content/uploads/2024/08/vitrine_Mapas-Conceituais-no-processo-de-ensino-aprendizagem.png","mapa-conceitual;unac"
64,"Avaliação com o uso de Mapas Conceituais","educacao","Educação",nao,"https://mooc.cefor.ifes.edu.br/moodle/course/view.php?estrategias-avaliacao","https://mooc.cefor.ifes.edu.br/v/wp-content/uploads/2024/08/vitrine_Estrategias-de-Avaliacao.png","formacao-de-professores;unac"
65,"Micropráticas de Pensamento Computacional em Ciências","ciencias-exatas-e-da-terra","Ciências Exatas e da Terra",nao,"https://mooc.cefor.ifes.edu.br/moodle/course/view.php?micro-praticas-pensamento-computacional-ciencias","https://mooc.cefor.ifes.edu.br/v/wp-content/uploads/2024/07/vitrine_micropraticas.png","pensamento-computacional"
66,"Física aplicada para bombeiros","ciencias-da-natureza;educacao;educacao-a-distancia","Ciências da Natureza;Educação;Educação a Distância",nao,"https://mooc.cefor.ifes.edu.br/moodle/course/view.php?fisica-aplicada-para-bombeiros","https://mooc.cefor.ifes.edu.br/v/wp-content/uploads/2024/07/vitrine_fisica_bombeiros.png","bombeiros;ciencias;ensino;fisica"
67,"Manguezais: Restauração para um futuro sustentável","ambiente-e-saude","Ambiente e Saúde",nao,"https://mooc.cefor.ifes.edu.br/moodle/course/view.php?manguezais-restauracao-futuro-sustentavel","https://mooc.cefor.ifes.edu.br/v/wp-content/uploads/2024/03/2.png","biomas-costeiros;conservacao;manguezal;replantio"
68,"Biologia Celular: Membrana Plasmática","ambiente-e-saude;ciencias-da-natureza","Ambiente e Saúde;Ciências da Natureza",nao,"https://mooc.cefor.ifes.edu.br/moodle/course/view.php?biologia-celular-membrana-plasmatica","https://mooc.cefor.ifes.edu.br/v/wp-content/uploads/2024/03/1.png","difusao-facilitado;difusao-simples;estrutura-quimica;membrana-plasmatica;transporte-ativo"
69,"Gestão Estratégica em Instituições Públicas de Ensino Superior","gestao","Gestão",sim,"https://mooc.cefor.ifes.edu.br/moodle/course/view.php?gestao-estrategica-instituicoes-publicas-superior","https://mooc.cefor.ifes.edu.br/v/wp-content/uploads/2023/12/gestao.png","ensino-superior;gestao-estrategica;instituicao-publica;unac"
70,"Educação Especial: aspectos introdutórios","educacao;inclusao-e-acessibilidade","Educação;Inclusão e Acessibilidade",sim,"https://mooc.cefor.ifes.edu.br/moodle/course/view.php?educacao-especial-aspectos-introdutorios","https://mooc.cefor.ifes.edu.br/v/wp-content/uploads/2023/12/edae.png","acessibilidade;educacao-especial;inclusao;unac"
71,"Aprendizagem baseada em equipes para professores","educacao","Educação",sim,"https://mooc.cefor.ifes.edu.br/moodle/course/view.php?aprendizagem-baseada-equipes-para-professores","https://mooc.cefor.ifes.edu.br/v/wp-content/uploads/2023/12/ap2.png","aprendizagem;formacao-de-professores;unac"
72,"Pilares do Estado Democrático de Direito na Constituição Federal de 1988","gestao","Gestão",nao,"https://mooc.cefor.ifes.edu.br/moodle/course/view.php?pilares-estado-democratico-direito-constituicao","https://mooc.cefor.ifes.edu.br/v/wp-content/uploads/2023/12/pilar.png","direito;direito-constitucional;unac"
73,"Educação Matemática Crítica nos processos de ensino e aprendizagem","educacao;matematica","Educação;Matemática",nao,"https://mooc.cefor.ifes.edu.br/moodle/course/view.php?educacao-matematica-critica-processos-aprendizagem","https://mooc.cefor.ifes.edu.br/v/wp-content/uploads/2023/12/edu.png","unac"
74,"Álgebra no Ensino Fundamental","matematica","Matemática",sim,"https://mooc.cefor.ifes.edu.br/moodle/course/view.php?algebra-ensino-fundamental","https://mooc.cefor.ifes.edu.br/v/wp-content/uploads/2023/12/algebra.png","formacao-de-professores;unac"
75,"Introdução à Lógica Digital","tecnologias-e-informatica","Tecnologias e Informática",nao,"https://mooc.cefor.ifes.edu.br/moodle/course/view.php?introducao-logica-digital","https://mooc.cefor.ifes.edu.br/v/wp-content/uploads/2023/12/logica.png","unac"
76,"Tecnologias Digitais Aplicadas ao Ensino Médio Integrado no contexto da Educação Profissional e Tecnológica","tecnologias-educacionais","Tecnologias Educacionais",nao,"https://mooc.cefor.ifes.edu.br/moodle/course/view.php?tecnologias-digitais-aplicadas-ensino-medio","https://mooc.cefor.ifes.edu.br/v/wp-content/uploads/2023/12/tec-1.png","unac"
77,"Catadores como Ecoeducadores Ambientais","ambiente-e-saude","Ambiente e Saúde",nao,"https://mooc.cefor.ifes.edu.br/moodle/course/view.php?catadores-como-ecoeducadores-ambientais","https://mooc.cefor.ifes.edu.br/v/wp-content/uploads/2025/11/vitrine_Catadores-como-Ecoeducadores-Ambientais.png","educacao-ambiental;rio-doce;rio-doce-escolar;riodoceescolar"
78,"Plantando um Rio mais Doce – Preparando a terra","ambiente-e-saude","Ambiente e Saúde",nao,"https://mooc.cefor.ifes.edu.br/moodle/course/view.php?plantando-rio-mais-doce-terra","https://mooc.cefor.ifes.edu.br/v/wp-content/uploads/2023/11/Screenshot_20231114_002609_Slides-2.jpg","doce;educacao-ambiental;educador-ambiental;escolar;rio-doce;rio-doce-escolar;riodoceescolar"
79,"Hortas e meliponários educativos","ambiente-e-saude","Ambiente e Saúde",nao,"https://mooc.cefor.ifes.edu.br/moodle/course/view.php?hortas-meliponarios-educativos","https://mooc.cefor.ifes.edu.br/v/wp-content/uploads/2023/11/Screenshot_20231114_002204_Slides-1.jpg","doce;educacao-ambiental;educador-ambiental;escolar;rio-doce;rio-doce-escolar;riodoceescolar"
80,"Cultura oceânica e poluição dos rios: a relação entre as duas realidades","ambiente-e-saude","Ambiente e Saúde",nao,"https://mooc.cefor.ifes.edu.br/moodle/course/view.php?cultura-oceanica-poluicao-rios-relacao","https://mooc.cefor.ifes.edu.br/v/wp-content/uploads/2023/11/Screenshot_20231114_002234_Slides-1.jpg","doce;educacao-ambiental;educador-ambiental;escolar;rio-doce;rio-doce-escolar;riodoceescolar"
81,"Comunidades Quilombolas e os Saberes Sócioambientais","ambiente-e-saude","Ambiente e Saúde",nao,"https://mooc.cefor.ifes.edu.br/moodle/course/view.php?comunidades-quilombolas-saberes-socioambientais","https://mooc.cefor.ifes.edu.br/v/wp-content/uploads/2023/11/Screenshot_20231114_002252_Slides-1.jpg","doce;educacao-ambiental;educador-ambiental;escolar;rio-doce;rio-doce-escolar;riodoceescolar"
82,"Resíduos Sólidos e a Educação Ambiental","ambiente-e-saude","Ambiente e Saúde",nao,"https://mooc.cefor.ifes.edu.br/moodle/course/view.php?residuos-solidos-educacao-ambiental","https://mooc.cefor.ifes.edu.br/v/wp-content/uploads/2023/11/Screenshot_20231114_002337_Slides-1.jpg","doce;educacao-ambiental;educador-ambiental;escolar;rio-doce;rio-doce-escolar;riodoceescolar"
83,"Tópicos de Geociências e saberes socioambientais","ambiente-e-saude","Ambiente e Saúde",nao,"https://mooc.cefor.ifes.edu.br/moodle/course/view.php?topicos-geociencias-saberes-socioambientais","https://mooc.cefor.ifes.edu.br/v/wp-content/uploads/2023/11/Screenshot_20231114_002356_Slides-1.jpg","doce;educacao-ambiental;educador-ambiental;escolar;rio-doce;rio-doce-escolar;riodoceescolar"
84,"Saberes Populares e Educação Ambiental","ambiente-e-saude","Ambiente e Saúde",nao,"https://mooc.cefor.ifes.edu.br/moodle/course/view.php?saberes-populares-educacao-ambiental","https://mooc.cefor.ifes.edu.br/v/wp-content/uploads/2023/11/Screenshot_20231114_002435_Slides-1.jpg","doce;educacao-ambiental;educador-ambiental;escolar;rio-doce;rio-doce-escolar;riodoceescolar"
85,"Reflorestamento de Matas Ciliares","ambiente-e-saude","Ambiente e Saúde",nao,"https://mooc.cefor.ifes.edu.br/moodle/course/view.php?reflorestamento-matas-ciliares","https://mooc.cefor.ifes.edu.br/v/wp-content/uploads/2023/11/Screenshot_20231114_002519_Slides-1.jpg","doce;educacao-ambiental;educador-ambiental;escolar;rio-doce;rio-doce-escolar;riodoceescolar"
86,"Legislação em Educação Ambiental para a Promoção do Meio Ambiente","ambiente-e-saude","Ambiente e Saúde",nao,"https://mooc.cefor.ifes.edu.br/moodle/course/view.php?legislacao-educacao-ambiental-meio-ambiente","https://mooc.cefor.ifes.edu.br/v/wp-content/uploads/2023/11/Screenshot_20231114_002541_Slides-1.jpg","doce;educacao-ambiental;educador-ambiental;escolar;rio-doce;rio-doce-escolar;riodoceescolar"
87,"O que é Laboratório Vivo?","ambiente-e-saude","Ambiente e Saúde",nao,"https://mooc.cefor.ifes.edu.br/moodle/course/view.php?laboratorio-vivo","https://mooc.cefor.ifes.edu.br/v/wp-content/uploads/2023/11/Screenshot_20231114_002118_Slides-2.jpg","doce;educacao-ambiental;educador-ambiental;escolar;rio-doce;rio-doce-escolar;riodoceescolar"
88,"Educação ambiental a partir da pedagogia de Célestin Freinet","ambiente-e-saude","Ambiente e Saúde",nao,"https://mooc.cefor.ifes.edu.br/moodle/course/view.php?educacao-ambiental-pedagogia-celestin-freinet","https://mooc.cefor.ifes.edu.br/v/wp-content/uploads/2023/11/Screenshot_20231114_002143_Slides-1.jpg","doce;educacao-ambiental;educador-ambiental;escolar;rio-doce;rio-doce-escolar;riodoceescolar"
89,"Práticas Experimentais em Ensino de Ciências","ambiente-e-saude","Ambiente e Saúde",nao,"https://mooc.cefor.ifes.edu.br/moodle/course/view.php?praticas-experimentais-ensino-ciencias","https://mooc.cefor.ifes.edu.br/v/wp-content/uploads/2023/11/Screenshot_20231114_002313_Slides-1.jpg","doce;educacao-ambiental;educador-ambiental;escolar;rio-doce;rio-doce-escolar;riodoceescolar"
90,"Jardins terapêuticos educativos","ambiente-e-saude","Ambiente e Saúde",nao,"https://mooc.cefor.ifes.edu.br/moodle/course/view.php?jardins-terapeuticos-educativos","https://mooc.cefor.ifes.edu.br/v/wp-content/uploads/2023/11/Screenshot_20231114_002419_Slides-1.jpg","doce;educacao-ambiental;educador-ambiental;escolar;rio-doce;rio-doce-escolar;riodoceescolar"
91,"Aulas de Campo para o Ensino de Geociência","ambiente-e-saude","Ambiente e Saúde",nao,"https://mooc.cefor.ifes.edu.br/moodle/course/view.php?aulas-campo-ensino-geociencias","https://mooc.cefor.ifes.edu.br/v/wp-content/uploads/2023/11/Screenshot_20231114_002507_Slides-1.jpg","educacao-ambiental;educador-ambiental;rio-doce-escolar"
92,"Clube de Ciências: espaço para a Educação Ambiental","ambiente-e-saude","Ambiente e Saúde",nao,"https://mooc.cefor.ifes.edu.br/moodle/course/view.php?clube-ciencias-como-espaco-aprendizagem","https://mooc.cefor.ifes.edu.br/v/wp-content/uploads/2023/11/1.-Vitrine.png","doce;educacao-ambiental;educador-ambiental;escolar;rio-doce;rio-doce-escolar;riodoceescolar"
93,"Avaliação da Aprendizagem no Contexto da Educação Ambiental","ambiente-e-saude","Ambiente e Saúde",nao,"https://mooc.cefor.ifes.edu.br/moodle/course/view.php?avaliacao-aprendizagem-contexto-educacao-ambiental","https://mooc.cefor.ifes.edu.br/v/wp-content/uploads/2023/11/Screenshot_20231114_002449_Slides-1.jpg","doce;educacao-ambiental;educador-ambiental;escolar;rio-doce;rio-doce-escolar;riodoceescolar"
94,"Moodle para Estudantes","educacao-a-distancia","Educação a Distância",sim,"https://mooc.cefor.ifes.edu.br/moodle/course/view.php?moodle-para-estudantes","https://mooc.cefor.ifes.edu.br/v/wp-content/uploads/2022/05/vitrine_MoodleEstudantes.jpg","atividades;ava;avea;conteudos;ead;estudantes;moodle;recursos"
95,"Moodle para Educadores","educacao-a-distancia","Educação a Distância",sim,"https://mooc.cefor.ifes.edu.br/moodle/course/view.php?moodle-para-educadores","https://mooc.cefor.ifes.edu.br/v/wp-content/uploads/2022/07/vitrine_mooc_Moodle-01.jpg","aprendizagem;atividades;ava;avaliacao;educadores;moodle;recursos;salas-virtuais"
96,"Moodle 3.9 para Estudantes","educacao-a-distancia","Educação a Distância",nao,"https://mooc.cefor.ifes.edu.br/moodle/course/view.php?moodle-39-para-estudantes","https://mooc.cefor.ifes.edu.br/v/wp-content/uploads/2023/02/Moodle-para-Estudantes.png","atividades;ava;avea;conteudos;ead;estudantes;moodle;recursos"
97,"Moodle 3.9 para Educadores","educacao-a-distancia","Educação a Distância",nao,"https://mooc.cefor.ifes.edu.br/moodle/course/view.php?moodle-39-para-educadores","https://mooc.cefor.ifes.edu.br/v/wp-content/uploads/2023/05/vitrine_moodle_educadores3.9.png","formacao-de-professores;mediacao;moodle;professor-mediador"
98,"Introdução à Iniciação Científica","educacao;educacao-a-distancia","Educação;Educação a Distância",nao,"https://mooc.cefor.ifes.edu.br/moodle/course/view.php?introducao-iniciacao-cientifica","https://mooc.cefor.ifes.edu.br/v/wp-content/uploads/2023/10/vitrine_introducao_iniciacao_cientifica.png","conhecimento-cientifico;iniciacao-cientifica;projetos-de-pesquisa"
99,"Hamilton: Desenvolvimento de Aplicativos","tecnologias-e-informatica;tecnologias-educacionais","Tecnologias e Informática;Tecnologias Educacionais",nao,"https://mooc.cefor.ifes.edu.br/moodle/course/view.php?mooc-hamilton-desenvolvimento-aplicativos","https://mooc.cefor.ifes.edu.br/v/wp-content/uploads/2023/03/MOOC-Vitrine-MOOC-de-Hamilton-Desenvolvimento-de-Aplicativos.png","desenvolvimento;ionic;programacao"
100,"Licenciamento ambiental: Legislação aplicada à avaliação de impactos ambientais","ambiente-e-saude","Ambiente e Saúde",nao,"https://mooc.cefor.ifes.edu.br/moodle/course/view.php?licenciamento-ambiental-legislacao-impactos-ambientais","https://mooc.cefor.ifes.edu.br/v/wp-content/uploads/2023/03/MOOC-Vitrine-Licenciamento-Ambiental.png","formacao-de-professores;impacto-ambiental;licenciamento-ambiental;meio-ambiente"
101,"Saneamento Básico Urbano: histórico, aspectos e tendências","ambiente-e-saude","Ambiente e Saúde",nao,"https://mooc.cefor.ifes.edu.br/moodle/course/view.php?saneamento-basico-urbano-historico-aspectos","https://mooc.cefor.ifes.edu.br/v/wp-content/uploads/2023/03/MOOC-Vitrine-Saneamento-Basico.png","esgoto;formacao-de-professores;residuos-solidos;saneamento;tratamento-de-agua"
102,"Saúde mental no contexto da educação","ambiente-e-saude","Ambiente e Saúde",nao,"https://mooc.cefor.ifes.edu.br/moodle/course/view.php?saude-mental-contexto-educacao-itinerario","https://mooc.cefor.ifes.edu.br/v/wp-content/uploads/2023/03/MOOC-Vitrine-Saude-Mental.png","formacao-de-professores;saude-mental;transtornos-mentais"
103,"Bem-Estar e Substâncias Psicoativas: uma questão de saúde pública","ambiente-e-saude","Ambiente e Saúde",nao,"https://mooc.cefor.ifes.edu.br/moodle/course/view.php?bemestar-substancias-psicoativas-saude-publica","https://mooc.cefor.ifes.edu.br/v/wp-content/uploads/2023/03/MOOC-Vitrine-Bem-estar-e-Substancias.png","formacao-de-professores;saude;saude-publica;substancias-psicoativas"
104,"Escrita Acadêmica sem Sofrimento","educacao","Educação",nao,"https://mooc.cefor.ifes.edu.br/moodle/course/view.php?escrita-academica-sem-sofrimento","https://mooc.cefor.ifes.edu.br/v/wp-content/uploads/2022/12/vitrine_Escrita_Academica_sem_Sofrimento.jpg","escrita-academica;escrita-cientifica;estudantes;redacao;tcc;tese;unac"
105,"Inovação Social no âmbito das Políticas Públicas","gestao","Gestão",nao,"https://mooc.cefor.ifes.edu.br/moodle/course/view.php?inovacao-social-ambito-politicas-publicas","https://mooc.cefor.ifes.edu.br/v/wp-content/uploads/2022/12/vitrine_INovacao_Social_Politicas_Publicas.jpg","inovacao-social-2;inovacao-social;politicas-publicas;unac"
106,"Aprendendo a licitar com a Administração Pública","gestao","Gestão",nao,"https://mooc.cefor.ifes.edu.br/moodle/course/view.php?aprendendo-licitar-administracao-publica","https://mooc.cefor.ifes.edu.br/v/wp-content/uploads/2022/12/vitrine_Licitar_adm_publica.jpg","administracao-publica;aprender;gestao;unac"
107,"Desvendando o Plano Educacional Individualizado (PEI)","educacao;inclusao-e-acessibilidade","Educação;Inclusão e Acessibilidade",sim,"https://mooc.cefor.ifes.edu.br/moodle/course/view.php?desvendando-plano-educacional-individualizado-pei","https://mooc.cefor.ifes.edu.br/v/wp-content/uploads/2022/12/vitrine_Desvendando_PEI.jpg","acessibilidade;educacao;educacao-inclusiva;inclusao;legislacao-ambiental;pei;plano-educacional-especializado;unac"
108,"Caminhos para a alfabetização no contexto da deficiência visual","educacao;inclusao-e-acessibilidade","Educação;Inclusão e Acessibilidade",sim,"https://mooc.cefor.ifes.edu.br/moodle/course/view.php?caminhos-alfabetizacao-contexto-deficiencia-visual","https://mooc.cefor.ifes.edu.br/v/wp-content/uploads/2022/12/vitrine_Caminhos_Alfabetizacao_Deficiencia_Visual.jpg","acessibilidade;alfabetizacao;alunos;aprendizagem;braille;inclusao;professores;unac"
109,"Estratégias de Pesquisa Qualitativa – Aspectos práticos","educacao","Educação",sim,"https://mooc.cefor.ifes.edu.br/moodle/course/view.php?estrategias-pesquisa-qualitativa-aspectos-praticos","https://mooc.cefor.ifes.edu.br/v/wp-content/uploads/2022/12/vitrine_Estrategias_Pesquisa_Qualitativa.jpg","abordagem-qualitativa;aprendizagem;ciencias-sociais-aplicadas;metodos-qualitativos;pesquisa-empiricas;unac"
110,"Estatística com o R","tecnologias-e-informatica","Tecnologias e Informática",nao,"https://mooc.cefor.ifes.edu.br/moodle/course/view.php?estatistica-com-r","https://mooc.cefor.ifes.edu.br/v/wp-content/uploads/2022/12/vitrine_Estatistica_R.jpg","estatistica-com-o-r;graficos-estatisticos;informatica;software;unac"
111,"Introdução à Metodologia da Pesquisa","educacao","Educação",sim,"https://mooc.cefor.ifes.edu.br/moodle/course/view.php?introducao-metodologia-pesquisa","https://mooc.cefor.ifes.edu.br/v/wp-content/uploads/2022/12/vitrine_Intro_Met_Pesquisa.jpg","aprendizagem;metodologia-da-pesquisa;pesquisa;tcc;trabalho-academico;unac"
112,"Educação para as relações étnico-raciais","educacao","Educação",nao,"https://mooc.cefor.ifes.edu.br/moodle/course/view.php?educacao-para-relacoes-etnico-raciais","https://mooc.cefor.ifes.edu.br/v/wp-content/uploads/2022/12/xvitrine_EducEtnicoRacial.png.pagespeed.ic_.Br3WgHAF_x.webp","aprendizagem;educadores;praticas-pedagogicas;relacoes-etnico-raciais"
113,"Introdução à Produção de Audiolivros","tecnologias-educacionais","Tecnologias Educacionais",nao,"https://mooc.cefor.ifes.edu.br/moodle/course/view.php?introducao-producao-audiolivros","https://mooc.cefor.ifes.edu.br/v/wp-content/uploads/2022/07/vitrine_introducao_audiolivro.png","acessibilidade;audio;audiobooks;audiolivros;conectivismo;inclusao;podcasts;recurso-didatico;videos"
114,"Noções de Prevenção e Combate a Incêndios","engenharia","Engenharia",nao,"https://mooc.cefor.ifes.edu.br/moodle/course/view.php?nocoes-prevencao-combate-incendios","https://mooc.cefor.ifes.edu.br/v/wp-content/uploads/2022/07/vitrine_incendio.png","combate;extincao;extintores;fogo;incendio;prevencao"
115,"Gestão Acadêmica de Cursos de Graduação","gestao","Gestão",nao,"https://mooc.cefor.ifes.edu.br/moodle/course/view.php?gestao-academica-cursos-graduacao","https://mooc.cefor.ifes.edu.br/v/wp-content/uploads/2022/07/vitrine_GestaoAcademicaCursosGraduacao.jpg","gestao;graduacao;pedagogia;planejamento-pedagogico;registro-academico"
116,"Introdução à Libras","inclusao-e-acessibilidade;linguas","Inclusão e Acessibilidade;Línguas",sim,"https://mooc.cefor.ifes.edu.br/moodle/course/view.php?introducao-libras","https://mooc.cefor.ifes.edu.br/v/wp-content/uploads/2022/07/Vitrine_MOOC_Introducao_Libras.png","acessibilidade;gramatica;inclusao;libras;lingua;linguagem;sinais"
117,"Introdução à Educação de Surdos","educacao;linguas","Educação;Línguas",sim,"https://mooc.cefor.ifes.edu.br/moodle/course/view.php?introducao-educacao-surdos","https://mooc.cefor.ifes.edu.br/v/wp-content/uploads/2022/07/Vitrine_MOOC_Educacao_Surdos.png","acessibilidade;cultura;educacao;inclusao;linguagem;professor;sala-de-aula;surdez"
118,"Mooc de Lovelace : Arte e Game Design","design;educacao","Design;Educação",nao,"https://mooc.cefor.ifes.edu.br/moodle/course/view.php?mooc-lovelace-arte-game-design","https://mooc.cefor.ifes.edu.br/v/wp-content/uploads/2022/12/xvitrine_Lovelace_Arte_Game_Design.png.pagespeed.ic_.Y1J52ZCFGU.webp","aprendizagem;arte-2d;corte-de-lovelace;design;games;lovelace"
119,"Mooc de Lovelace: Robótica Educacional","tecnologias-e-informatica","Tecnologias e Informática",nao,"https://mooc.cefor.ifes.edu.br/moodle/course/view.php?mooc-lovelace-robotica-educacional","https://mooc.cefor.ifes.edu.br/v/wp-content/uploads/2022/07/vitrine_RoboticaEducacional.png","computacao;corte-de-lovelace;educacao;eletricidade;lovelace;mecanica;mulheres;programacao;robotica"
120,"MOOC de Lovelace: Programação Python e C","tecnologias-e-informatica","Tecnologias e Informática",nao,"https://mooc.cefor.ifes.edu.br/moodle/course/view.php?mooc-lovelace-programacao-python-c","https://mooc.cefor.ifes.edu.br/v/wp-content/uploads/2022/07/vitrine_MoocLovelace_ProgramacaoPython.png","corte-de-lovelace;empressoes-aritimeticas;expressoes-logicas;lovelace;programacao;python"
121,"Mooc de Lovelace: Pensamento Computacional com Scratch","tecnologias-e-informatica","Tecnologias e Informática",nao,"https://mooc.cefor.ifes.edu.br/moodle/course/view.php?mooc-lovelace-pensamento-computacional-scratch","https://mooc.cefor.ifes.edu.br/v/wp-content/uploads/2022/07/vitrine_Mooc_Lovelace_PensCompScratch.png","algoritimo;computacao;corte-de-lovelace;decomposicoes;lovelace;padroes;pensamento-computacional;programacao;scratch"
122,"MOOC de Lovelace: Pensamento Computacional","tecnologias-e-informatica","Tecnologias e Informática",sim,"https://mooc.cefor.ifes.edu.br/moodle/course/view.php?mooc-lovelace-pensamento-computacional","https://mooc.cefor.ifes.edu.br/v/wp-content/uploads/2022/07/vitrine_MoocLovelace_pensamentoComputacional.png","abstracao;algoritimo;corte-de-lovelace;decomposicao;lovelace;padroes;pensamento-computacional"
123,"Mooc de Lovelace: Pensamento Computacional no Cotidiano Feminino","tecnologias-e-informatica","Tecnologias e Informática",nao,"https://mooc.cefor.ifes.edu.br/moodle/course/view.php?lovelace-pensamento-computacional-cotidiano-feminino","https://mooc.cefor.ifes.edu.br/v/wp-content/uploads/2022/07/vitrine_MoocLovelace_pccf.png","abstracao;algoritimo;corte-de-lovelace;decomposicao;lovelace;padroes;pensamento-computacional"
124,"Educador Maker: Primeiros Passos","educacao","Educação",nao,"https://mooc.cefor.ifes.edu.br/moodle/course/view.php?educador-maker-primeiros-passos","https://mooc.cefor.ifes.edu.br/v/wp-content/uploads/2022/07/1_Vitrine_Educador_Maker_PP_primeiro_curso.png","aprendizagem;educador;maker;praticas-educativas"
125,"Educador Maker: Aprendizagem Baseada em Projetos","educacao","Educação",nao,"https://mooc.cefor.ifes.edu.br/moodle/course/view.php?educador-maker-aprendizagem-baseada-projetos","https://mooc.cefor.ifes.edu.br/v/wp-content/uploads/2022/07/vitrine_EducadorMaker_Projetos.png","abp;aprendizagem;cultura-maker;maker;projetos"
126,"Educador Maker: ensino ‘mão na massa’","educacao","Educação",nao,"https://mooc.cefor.ifes.edu.br/moodle/course/view.php?educador-maker-ensino-mao-massa","https://mooc.cefor.ifes.edu.br/v/wp-content/uploads/2022/07/vitrine_EducadorMaker_EnsinoMaonaMassa.png","aprendizagem;cultura-maker;educador;formacao-de-professores;maker"
127,"Educador Maker: Alfabetização Científica inspirada em Leonardo Da Vinci","educacao","Educação",nao,"https://mooc.cefor.ifes.edu.br/moodle/course/view.php?educador-maker-alfabetizacao-cientifica-inspirada","https://mooc.cefor.ifes.edu.br/v/wp-content/uploads/2022/12/xvitrine_EMaker_DaVinci.png.pagespeed.ic_.NQXNH2a2yG.webp","alfabetizacao;alfabetizacao-cientifica;aprendizagem;cultura-maker;educadores;leonardo-da-vinci;metodologias-ativas"
128,"Inglês Comunicativo – Aprenda o Básico Essencial","linguas","Línguas",nao,"https://mooc.cefor.ifes.edu.br/moodle/course/view.php?ingles-comunicativo-basico-essencial","https://mooc.cefor.ifes.edu.br/v/wp-content/uploads/2022/07/ingles-comunicativo.png","aprendizagem;conversacao;ingles;lingua-inglesa;vocabulario"
129,"Desenvolvendo competências em informações acadêmicas e profissionais.","educacao","Educação",nao,"https://mooc.cefor.ifes.edu.br/moodle/course/view.php?desenvolvendo-competencias-informacoes-academicas-profissionais","https://mooc.cefor.ifes.edu.br/v/wp-content/uploads/2022/07/VITRINE_DesenvCompetencias-3.png","competencias;critica;direitos-autorais;estrategias-de-busca;habilidades;informacoes;leitura;plagio"
130,"PROGRAMAKIDS: Apresentando a Programação para as Crianças","tecnologias-e-informatica","Tecnologias e Informática",nao,"https://mooc.cefor.ifes.edu.br/moodle/course/view.php?programakids-apresentando-programacao-para-criancas","https://mooc.cefor.ifes.edu.br/v/wp-content/uploads/2022/07/vitrine_Programakids.jpg","brincadeiras;criancas;kids;ludico;programacao;raciocinio-logico"
131,"Educação Ambiental em foco: discussões e práticas","ciencias-da-natureza;educacao","Ciências da Natureza;Educação",nao,"https://mooc.cefor.ifes.edu.br/moodle/course/view.php?educacao-ambiental-foco-discussoes-praticas","https://mooc.cefor.ifes.edu.br/v/wp-content/uploads/2022/07/EducAmbientalEmFoco_vitrine.jpg","direito-ambiental;ea;educacao-ambiental;legislacao-ambiental"
132,"MOOC de Mary Keller: Robótica para Educadores","tecnologias-e-informatica","Tecnologias e Informática",nao,"https://mooc.cefor.ifes.edu.br/moodle/course/view.php?mooc-mary-keller-robotica-educadores","https://mooc.cefor.ifes.edu.br/v/wp-content/uploads/2022/07/Mooc_de_MaryKeller_Vitrine_MOOC.gif","bncc;computacao;educadores;eletronica;mecanica;metodologias-ativas;pensamento-computacional;robotica"
133,"Desmistificando o Cubo mágico","matematica","Matemática",nao,"https://mooc.cefor.ifes.edu.br/moodle/course/view.php?desmistificando-cubo-magico","https://mooc.cefor.ifes.edu.br/v/wp-content/uploads/2022/07/DesmistificandoCuboMagico_VITRINE.png","algoritimo;cubo-magico;matematica;raciocinio-logico"
134,"Estratégias Flexíveis em Tempos de Pandemia","educacao","Educação",nao,"https://mooc.cefor.ifes.edu.br/moodle/course/view.php?estrategias-flexiveis-ensino-tempos-pandemia","https://mooc.cefor.ifes.edu.br/v/wp-content/uploads/2022/07/vitrine_EstrFlexEnsinoPandemia.png","ensino;ensino-hibrido;pandemia;praticas-pedagogicas"
135,"Ensino de astronomia: Reconhecimento do Céu noturno","ciencias-da-natureza;educacao","Ciências da Natureza;Educação",nao,"https://mooc.cefor.ifes.edu.br/moodle/course/view.php?ensino-astronomia-reconhecimento-ceu-noturno","https://mooc.cefor.ifes.edu.br/v/wp-content/uploads/2022/07/vitrine_EnsinoAstronomia.png","aprendizagem;astronomia;astros;constelacoes;constelario;ensino;estrelas;sistema-solar;stellarium"
136,"Práticas Educativas em Saneamento Básico","ambiente-e-saude","Ambiente e Saúde",nao,"https://mooc.cefor.ifes.edu.br/moodle/course/view.php?praticas-educativas-saneamento-basico","https://mooc.cefor.ifes.edu.br/v/wp-content/uploads/2022/07/vitrine_PraticasEducativasSaneamentoBasico.png","ciencias;cts;ctsa;praticas-educativas;saneamento-basico;saude"
137,"Química para Iniciantes","ciencias-da-natureza","Ciências da Natureza",nao,"https://mooc.cefor.ifes.edu.br/moodle/course/view.php?quimica-para-iniciantes","https://mooc.cefor.ifes.edu.br/v/wp-content/uploads/2022/07/vitrine_QuimicaIniciantes.png","ciencias;ensino-medio;funcoes-inorganicas;ligacoes;quimica;tabela-periodica"
138,"Compreendendo a Educação Profissional Técnica Integrada ao Ensino Médio: textos e contextos","educacao","Educação",sim,"https://mooc.cefor.ifes.edu.br/moodle/course/view.php?compreendo-educacao-profissional-tecnologica-integrada","https://mooc.cefor.ifes.edu.br/v/wp-content/uploads/2022/07/vitrine_CompreendendoEPT.png","educacao-profissional;educacao-tecnologica;ensino-medio;formacao;formacao-continuada;libras;tecnica"
139,"Avaliação por Rubrica no Moodle","educacao-a-distancia","Educação a Distância",nao,"https://mooc.cefor.ifes.edu.br/moodle/course/view.php?avaliacao-rubrica-moodle","https://mooc.cefor.ifes.edu.br/v/wp-content/uploads/2022/07/Avaliacao-por-rubrica-no-moodle.png","aprendizagem;avaliacao;feedback;mediacao;moodle;processo-avaliativo;professores;rubrica"
140,"Acessibilidade em Processos Seletivos Discentes￼￼￼","inclusao-e-acessibilidade","Inclusão e Acessibilidade",nao,"https://mooc.cefor.ifes.edu.br/moodle/course/view.php?acessibilidade-processos-seletivos-discentes","https://mooc.cefor.ifes.edu.br/v/wp-content/uploads/2022/07/vitrine_AcessibilidadeProcessoSeletivoDiscente.png","acessibilidade;discentes;formacao;pessoa-com-deficiencia;processo-seletivo"
141,"Metodologias Ativas: Educação Inovadora","educacao","Educação",nao,"https://mooc.cefor.ifes.edu.br/moodle/course/view.php?metodologias-ativas-educacao-inovadora","https://mooc.cefor.ifes.edu.br/v/wp-content/uploads/2022/07/vitrine_MetAtivasEducInovadora.png","abp;aprendizagem;educacao-inovadora;ensino-hibrido;gamificacao;inovacao;jogos;metodologias-ativas"
142,"Gestão da Liderança para Melhores Resultados","gestao","Gestão",nao,"https://mooc.cefor.ifes.edu.br/moodle/course/view.php?gestao-lideranca-para-melhores-resultados","https://mooc.cefor.ifes.edu.br/v/wp-content/uploads/2022/07/vitrine_GestaoLiderancaResultados.png","gestao;gestores;inteligencia-emocional;lideranca;resultados"
143,"Vacinas: O que é preciso saber?","ambiente-e-saude","Ambiente e Saúde",nao,"https://mooc.cefor.ifes.edu.br/moodle/course/view.php?vacinas-preciso-saber","https://mooc.cefor.ifes.edu.br/v/wp-content/uploads/2022/07/vitrine_Vacinas.png","ciencia;covid19;pandemia;saude;tecnologia;vacinas"
144,"Ferramentas Digitais para Curadoria Educacional","tecnologias-educacionais","Tecnologias Educacionais",nao,"https://mooc.cefor.ifes.edu.br/moodle/course/view.php?ferramentas-digitais-para-curadoria-educacional","https://mooc.cefor.ifes.edu.br/v/wp-content/uploads/2022/07/vitrine_FerramentasDigCuradoriaEduc.png","curadoria-educacional;elink-io;ferramentas-digitais;padlet;pinterest;pocket;porvir"
145,"Introdução à gestão da inovação","gestao","Gestão",nao,"https://mooc.cefor.ifes.edu.br/moodle/course/view.php?introducao-gestao-inovacao","https://mooc.cefor.ifes.edu.br/v/wp-content/uploads/2022/07/Introducao-a-gestao-da-inovacao.png","empresas;enegia;gestao;inovacao;meio-ambiente;sustentabilidade"
146,"Como desenvolver bons hábitos de estudo?","desenvolvimento-pessoal","Desenvolvimento Pessoal",nao,"https://mooc.cefor.ifes.edu.br/moodle/course/view.php?como-desenvolver-bons-habitos-estudo","https://mooc.cefor.ifes.edu.br/v/wp-content/uploads/2022/07/vitrine_ComoDesenvolverEstudos.png","autorregulacao-da-aprendizagem;concurso;estrategias-de-aprendizagem;estudos;gerenciamento-de-recurso;gerenciamento-de-tempo;habitos;vestibular"
147,"Inclusão Sociodigital para Multiplicadores","tecnologias-educacionais","Tecnologias Educacionais",nao,"https://mooc.cefor.ifes.edu.br/moodle/course/view.php?inclusao-sociodigital-para-multiplicadores","https://mooc.cefor.ifes.edu.br/v/wp-content/uploads/2022/07/Inclusao-Sociodigital-para-multiplicadores.jpg","aplicativos;backup;contatos;e-mail;fotos;inclusao;multiplicadores;redes-sociais;smartphones;sociodigital"
148,"Gamificação no Moodle","educacao-a-distancia;tecnologias-educacionais","Educação a Distância;Tecnologias Educacionais",nao,"https://mooc.cefor.ifes.edu.br/moodle/course/view.php?gamificacao-moodle","https://mooc.cefor.ifes.edu.br/v/wp-content/uploads/2022/07/vitrine_GamificacaonoMoodle.png","ava;games;gamificacao;jogos;moodle"
149,"Acessibilidade e Tecnologia","inclusao-e-acessibilidade","Inclusão e Acessibilidade",sim,"https://mooc.cefor.ifes.edu.br/moodle/course/view.php?acessibilidade-tecnologia","https://mooc.cefor.ifes.edu.br/v/wp-content/uploads/2022/07/Acessibilidade_Tecnologia_Vitrine.jpg","acessibilidade;inclusao;materiais-digitais;tecnologia;tecnologia-assistiva"
150,"Ferramenta para gravação de videoaulas","tecnologias-educacionais","Tecnologias Educacionais",sim,"https://mooc.cefor.ifes.edu.br/moodle/course/view.php?ferramenta-para-gravacao-videoaulas","https://mooc.cefor.ifes.edu.br/v/wp-content/uploads/2022/07/vitrine_FerramentaGravacaoVideo.jpg","audiovisual;aulas;obs;open-broadcaster-software;software;videoaulas"
151,"Diversidade Cultural, Economia Criativa e Desenvolvimento","artes-e-humanidades","Artes e Humanidades",nao,"https://mooc.cefor.ifes.edu.br/moodle/course/view.php?curso-livre-sobre-diversidade-cultural","https://mooc.cefor.ifes.edu.br/v/wp-content/uploads/2022/07/Miniatura_Diversidade_Cultural_EC_D.png","coletivos;cultura;desenvolvimento;diversidade-cultural;economia-2"
152,"Introdução a projetos","gestao","Gestão",nao,"https://mooc.cefor.ifes.edu.br/moodle/course/view.php?introducao-projetos","https://mooc.cefor.ifes.edu.br/v/wp-content/uploads/2022/07/Vitrine_Introducao-a-Projetos.png","gestao;pmi;processos;projetos"
153,"Criando ambientes virtuais com Unity 3D","tecnologias-educacionais","Tecnologias Educacionais",nao,"https://mooc.cefor.ifes.edu.br/moodle/course/view.php?criando-ambientes-virtuais-unity","https://mooc.cefor.ifes.edu.br/v/wp-content/uploads/2022/07/Criando_Amb_Virtuais_Unity3D_Vitrine.png","3d;laboratorio-virtual;modelagem;programacao;quimica;unity"
154,"Introdução ao Google Classroom","tecnologias-educacionais","Tecnologias Educacionais",nao,"https://mooc.cefor.ifes.edu.br/moodle/course/view.php?introducao-google-classroom","https://mooc.cefor.ifes.edu.br/v/wp-content/uploads/2022/07/Google-Classroom_Vitrine.jpg","ambientes-virtuais;atividades;ava;google;google-classroom;recursos-digitais;sala-de-aula"
155,"Utilizando o Google Arts &#038; Culture em Sala de Aula","artes-e-humanidades;educacao-a-distancia;tecnologias-educacionais","Artes e Humanidades;Educação a Distância;Tecnologias Educacionais",nao,"https://mooc.cefor.ifes.edu.br/moodle/course/view.php?utilizando-google-arts-culture-aula","https://mooc.cefor.ifes.edu.br/v/wp-content/uploads/2022/07/Vitrine_Curso_GoogleArts_Culture.png","abp;arte;ciencias;formacao-de-professores;google;google-arts-e-culture;historia;sala-de-aula"
156,"Google Drive: Colaboração na prática","educacao-a-distancia;tecnologias-educacionais","Educação a Distância;Tecnologias Educacionais",sim,"https://mooc.cefor.ifes.edu.br/moodle/course/view.php?google-drive-colaboracao-pratica","https://mooc.cefor.ifes.edu.br/v/wp-content/uploads/2022/07/mooc_drive_colab.png","colaboracao;google;google-apresentacoes;google-documentos;google-drive"
157,"Catalogação de softwares educacionais para o ensino de Matemática","matematica;tecnologias-educacionais","Matemática;Tecnologias Educacionais",nao,"https://mooc.cefor.ifes.edu.br/moodle/course/view.php?catalogacao-softwares-educacionais-ensino-matematica","https://mooc.cefor.ifes.edu.br/v/wp-content/uploads/2022/07/Softwares_Educacionais_Vitrine.png","curadoria;matematica;repositorio;software;softwares-educacionais"
158,"Programação Básica: Scratch","tecnologias-e-informatica","Tecnologias e Informática",nao,"https://mooc.cefor.ifes.edu.br/moodle/course/view.php?programacao-basica-scratch","https://mooc.cefor.ifes.edu.br/v/wp-content/uploads/2022/07/vitrine_ProgramacaoBasica_Scratch.png","computacao;pensamento-computacional;programacao;scratch"
159,"Realidade Virtual como apoio ao ensino","tecnologias-educacionais","Tecnologias Educacionais",nao,"https://mooc.cefor.ifes.edu.br/moodle/course/view.php?realidade-virtual-como-apoio-ensino","https://mooc.cefor.ifes.edu.br/v/wp-content/uploads/2022/07/Realidade_Virtual_Vitrine.png","jogos-digitais;realidade-virtual;sala-de-aula;tecnologia"
160,"Uso Educacional do Canva","design;tecnologias-educacionais","Design;Tecnologias Educacionais",sim,"https://mooc.cefor.ifes.edu.br/moodle/course/view.php?uso-educacional-canva","https://mooc.cefor.ifes.edu.br/v/wp-content/uploads/2022/07/Uso_Educacional_Canva_Vitrine.png","canva;design;formacao-de-professores;recursos-educacionais"
161,"Protagonismo feminino na política: oratória e marketing pessoal","artes-e-humanidades;desenvolvimento-pessoal;gestao","Artes e Humanidades;Desenvolvimento Pessoal;Gestão",nao,"https://mooc.cefor.ifes.edu.br/moodle/course/view.php?maratona-mulheres-politica-oratoria-marketing","https://mooc.cefor.ifes.edu.br/v/wp-content/uploads/2022/07/vitrine_Mulheres_ProtagonismoFeminino.png","carreira-politica;empoderamento;imagem-publica;marketing-pessoal;mulheres;oratoria;politica"
162,"Habilidades humanas e técnicas necessárias na carreira política","artes-e-humanidades;desenvolvimento-pessoal","Artes e Humanidades;Desenvolvimento Pessoal",nao,"https://mooc.cefor.ifes.edu.br/moodle/course/view.php?maratona-mulheres-politica-habilidades-humanas","https://mooc.cefor.ifes.edu.br/v/wp-content/uploads/2022/07/vitrine_Mulheres_HabilidadesHumanas.png","cargos;carreira-politica;eleicoes-2;empoderamento;lutas;mulheres;politica"
163,"Lesson Study – versão Português","educacao","Educação",nao,"https://mooc.cefor.ifes.edu.br/moodle/course/view.php?lesson-study-versao-portugues","https://mooc.cefor.ifes.edu.br/v/wp-content/uploads/2022/07/Lesson_Study_1_V_Portugues_Vitrine.png","classroom;collaboration;execution;japanese;lesson-study;planning;reflection;study-method"
164,"Lesson Study – English version","educacao","Educação",nao,"https://mooc.cefor.ifes.edu.br/moodle/course/view.php?lesson-study-english-version","https://mooc.cefor.ifes.edu.br/v/wp-content/uploads/2022/07/Lesson_Study_1_V_Ingles_Vitrine.png","colaboracao;execucao;japones;lesson-study;metodo-de-estudo;planejamento;reflexao;sala-de-aula"
165,"Por que Lesson Stydy?","educacao","Educação",nao,"https://mooc.cefor.ifes.edu.br/moodle/course/view.php?id=390","https://mooc.cefor.ifes.edu.br/v/wp-content/uploads/2022/07/Lesson_Study_2_Por_que_Vitrine.png","aulas;execucao;formacao-de-professores;japoneses;lesson-study;planejamento;reflexao"
